{
    "uiCustomObjectList": [
        {
            "objectName": "BG",
            "position": {
                "x": 0.0,
                "y": 0.0,
                "z": 0.0
            },
            "rotation": {
                "x": 500.0,
                "y": 500.0,
                "z": 1.0
            },
            "scale": {
                "x": 0.0,
                "y": 0.0,
                "z": 0.0
            },
            "color": {
                "r": 0.9773584604263306,
                "g": 0.9570736885070801,
                "b": 0.9570736885070801,
                "a": 1.0
            },
            "parentObjectName": "",
            "textData": ""
        },
        {
            "objectName": "BGText",
            "position": {
                "x": 0.0,
                "y": 0.0,
                "z": 0.0
            },
            "rotation": {
                "x": 200.0,
                "y": 200.0,
                "z": 1.0
            },
            "scale": {
                "x": 0.0,
                "y": 0.0,
                "z": 0.0
            },
            "color": {
                "r": 0.08679240942001343,
                "g": 0.08106083422899246,
                "b": 0.08106083422899246,
                "a": 1.0
            },
            "parentObjectName": "BG",
            "textData": "BackGround"
        }
    ]
}