{
    "uiCustomObjectList": [
        {
            "objectName": "BG",
            "position": {
                "x": 0.0,
                "y": 0.0,
                "z": 0.0
            },
            "rotation": {
                "x": 500.0,
                "y": 500.0,
                "z": 1.0
            },
            "scale": {
                "x": 0.0,
                "y": 0.0,
                "z": 0.0
            },
            "color": {
                "r": 0.06415098905563355,
                "g": 0.05943044275045395,
                "b": 0.05943044275045395,
                "a": 1.0
            },
            "parentObjectName": ""
        },
        {
            "objectName": "fine",
            "position": {
                "x": 0.0,
                "y": 0.0,
                "z": 0.0
            },
            "rotation": {
                "x": 30.0,
                "y": 30.0,
                "z": 1.0
            },
            "scale": {
                "x": 0.0,
                "y": 0.0,
                "z": 0.0
            },
            "color": {
                "r": 0.3205726444721222,
                "g": 0.7358490228652954,
                "b": 0.25407612323760989,
                "a": 1.0
            },
            "parentObjectName": "BG"
        },
        {
            "objectName": "Finch",
            "position": {
                "x": 0.0,
                "y": 0.0,
                "z": 0.0
            },
            "rotation": {
                "x": 200.0,
                "y": 200.0,
                "z": 1.0
            },
            "scale": {
                "x": 0.0,
                "y": 0.0,
                "z": 0.0
            },
            "color": {
                "r": 0.125490203499794,
                "g": 0.6313725709915161,
                "b": 0.6025808453559876,
                "a": 1.0
            },
            "parentObjectName": "BG"
        }
    ]
}